jonathan,12,savigny
pierre,15,viry
kelly,12,viry
gaetan,13,juvisy
samuel,11,athis-mons
aurelie,26,morsang
aurelie,17,massy
samir,13,savigny
jonathan,12,savigny
pierre,15,viry
kelly,12,viry
gaetan,13,juvisy
samuel,11,athis-mons
aurelie,26,morsang
aurelie,17,massy
samir,13,savigny
jonathan,12,savigny
pierre,15,viry
kelly,12,viry
gaetan,13,juvisy
samuel,11,athis-mons
aurelie,26,morsang
aurelie,17,massy
samir,13,savigny
jonathan,12,savigny
pierre,15,viry
kelly,12,viry
gaetan,13,juvisy
samuel,11,athis-mons
aurelie,26,morsang
aurelie,17,massy
samir,13,savigny
jonathan,12,savigny
pierre,15,viry
kelly,12,viry
gaetan,13,juvisy
samuel,11,athis-mons
aurelie,26,morsang
aurelie,17,massy
samir,13,savigny
jonathan,12,savigny
pierre,15,viry
kelly,12,viry
gaetan,13,juvisy
samuel,11,athis-mons
aurelie,26,morsang
aurelie,17,massy
samir,13,savigny
jonathan,12,savigny
pierre,15,viry
kelly,12,viry
gaetan,13,juvisy
samuel,11,athis-mons
aurelie,26,morsang
aurelie,17,massy
samir,13,savigny
jonathan,12,savigny
pierre,15,viry
kelly,12,viry
gaetan,13,juvisy
samuel,11,athis-mons
aurelie,26,morsang
aurelie,17,massy
samir,13,savigny
jonathan,12,savigny
pierre,15,viry
kelly,12,viry
gaetan,13,juvisy
samuel,11,athis-mons
aurelie,26,morsang
aurelie,17,massy
samir,13,savigny
jonathan,12,savigny
pierre,15,viry
kelly,12,viry
gaetan,13,juvisy
samuel,11,athis-mons
aurelie,26,morsang
aurelie,17,massy
samir,13,savigny
